<ImportExportXml xmlns:xsi="http://www.w3.org/2001/XMLSchema-instance">
  <Entities></Entities>
  <Roles></Roles>
  <Workflows></Workflows>
  <FieldSecurityProfiles></FieldSecurityProfiles>
  <Templates />
  <EntityMaps />
  <EntityRelationships />
  <OrganizationSettings />
  <optionsets>
    <optionset Name="my_dialogoptionset" localizedName="Dialog Option Set">
      <OptionSetType>picklist</OptionSetType>
      <IsGlobal>1</IsGlobal>
      <IntroducedVersion>1.0.0.0</IntroducedVersion>
      <IsCustomizable>1</IsCustomizable>
      <ExternalTypeName></ExternalTypeName>
      <displaynames>
        <displayname description="Dialog Option Set" languagecode="1033" />
      </displaynames>
      <Descriptions>
        <Description description="" languagecode="1033" />
      </Descriptions>
      <options>
        <option value="4" ExternalValue="" Color="#0000ff">
          <labels>
            <label description="Canceled" languagecode="1033" />
          </labels>
          <Descriptions>
            <Description description="" languagecode="1033" />
          </Descriptions>
        </option>
        <option value="5" ExternalValue="" Color="#0000ff">
          <labels>
            <label description="Out-Sold" languagecode="1033" />
          </labels>
          <Descriptions>
            <Description description="" languagecode="1033" />
          </Descriptions>
        </option>
      </options>
    </optionset>
  </optionsets>
  <Dialogs>
    <Dialog>
      <LocalizedNames>
        <LocalizedName description="Custom Dialog" languagecode="1033" />
      </LocalizedNames>
      <Descriptions>
        <Description description="Shows the custom dialog process." languagecode="1033" />
      </Descriptions>
      <FormId>{22222222-2222-2222-2222-222222222222}</FormId>
      <UniqueName>CustomDialog</UniqueName>
      <IsCustomizable>1</IsCustomizable>
      <IntroducedVersion>1.0.0.0</IntroducedVersion>
      <IsTabletEnabled>1</IsTabletEnabled>
      <CanBeDeleted>1</CanBeDeleted>
      <FormXml>
        <forms type="dialog">
          <form>
            <formparameters>
              <querystringparameter name="my_guid" type="SafeString" />
            </formparameters>
            <header id="{20A88883-CFD3-49AC-A0AC-7A5A5916B494}">
              <rows>
                <row>
                  <cell id="{B65D2006-F3EF-4A95-BAAC-AAA10F4CB370}">
                    <labels>
                      <label description="Close as Lost" languagecode="1033" />
                    </labels>
                    <control id="FormHeader" classid="{39354e4a-5015-4d74-8031-ea9eb73a1322}" isunbound="true">
                      <parameters>
                        <IsTitle>true</IsTitle>
                      </parameters>
                    </control>
                  </cell>
                </row>
              </rows>
            </header>
            <tabs>
              <tab id="{4096ED0D-B54B-4A90-8E14-6DE2F97EE1DF}" verticallayout="true" name="Tab">
                <labels>
                  <label description="Tab" languagecode="1033" />
                </labels>
                <tabfooter id="{303f1bb7-3f05-423b-8b27-135b552b8375}">
                  <rows>
                    <row>
                      <cell id="{2535464d-171f-4833-9cfa-06e6c971bce3}">
                        <labels>
                          <label description="OK" languagecode="1033" />
                        </labels>
                        <control id="tab1footerok" classid="{00ad73da-bd4d-49c6-88a8-2f4f4cad4a20}" isunbound="true" />
                      </cell>
                      <cell id="{7B9024DA-67E3-48F6-A29D-90675D51A66D}">
                        <labels>
                          <label description="Cancel" languagecode="1033" />
                        </labels>
                        <control id="tab1footercancel" classid="{00ad73da-bd4d-49c6-88a8-2f4f4cad4a20}" isunbound="true" />
                      </cell>
                    </row>
                  </rows>
                </tabfooter>
                <columns>
                  <column width="100%">
                    <sections>
                      <section id="{EB813F55-D4A8-4A95-AF10-162655D9FB91}" showbar="false" columns="1" name="Section">
                        <labels>
                          <label description="Information" languagecode="1033" />
                        </labels>
                        <rows>
                          <row>
                            <cell id="{28AB7101-C235-4DEF-A3A9-5B3915AE153B}">
                              <labels>
                                <label description="Status Reason" languagecode="1033" />
                              </labels>
                              <control id="my_statuscode" classid="{3EF39988-22BB-4f0b-BBBE-64B5A3748AEE}" isunbound="true">
                                <parameters>
                                  <OptionSetName>my_dialogoptionset</OptionSetName>
                                </parameters>
                              </control>
                            </cell>
                            <cell id="{049DC874-DB33-41E0-A195-C8597750F451}" locklevel="0" rowspan="5">
                              <labels>
                                <label description="Description" languagecode="1033" />
                              </labels>
                              <control id="my_description" classid="{E0DECE4B-6FC8-4a8f-A065-082708572369}" isunbound="true"/>
                            </cell>
                          </row>
                        </rows>
                      </section>
                    </sections>
                  </column>
                </columns>
              </tab>
            </tabs>
            <events>
              <event name="onclick" application="false" active="false" attribute="tab1footerok">
                <Handlers>
                  <Handler functionName="onClick_OK" libraryName="my_CustomDialog_Library.js" handlerUniqueId="{ADC7E877-6FDC-4404-8744-A85F607A5095}" enabled="true" parameters="" passExecutionContext="false" />
                </Handlers>
              </event>
              <event name="onclick" application="false" active="false" attribute="tab1footercancel">
                <Handlers>
                  <Handler functionName="onClick_Cancel" libraryName="my_CustomDialog_Library.js" handlerUniqueId="{124A0213-CE38-4F33-93C9-7D2B2BD83006}" enabled="true" parameters="" passExecutionContext="false" />
                </Handlers>
              </event>
            </events>
            <clientresources>
              <isvresources>
                <clientincludes>
                  <webresource type="jscript" path="$webresource:my_CustomDialog_Library.js" />
                </clientincludes>
              </isvresources>
            </clientresources>
          </form>
        </forms>
      </FormXml>
    </Dialog>
  </Dialogs>
  <WebResources>
    <WebResource>
      <WebResourceId>{2ab07db7-ab56-482f-bd44-d40c5de5fcfe}</WebResourceId>
      <Name>my_CustomDialog_Library.js</Name>
      <DisplayName>CustomDialog_Library.js</DisplayName>
      <WebResourceType>3</WebResourceType>
      <IntroducedVersion>1.0.0.0</IntroducedVersion>
      <IsEnabledForMobileClient>0</IsEnabledForMobileClient>
      <IsAvailableForMobileOffline>0</IsAvailableForMobileOffline>
      <DependencyXml>&lt;Dependencies&gt;&lt;Dependency componentType="WebResource"/&gt;&lt;/Dependencies&gt;</DependencyXml>
      <IsCustomizable>1</IsCustomizable>
      <CanBeDeleted>1</CanBeDeleted>
      <IsHidden>0</IsHidden>
      <FileName>/WebResources/my_CustomDialog_Library.js</FileName>
    </WebResource>
  </WebResources>
  <CustomControls />
  <EntityDataProviders />
  <Languages>
    <Language>1033</Language>
  </Languages>
</ImportExportXml>