{"$schema":"https://schema.management.azure.com/schemas/2015-01-01/deploymentTemplate.json#","contentVersion":"1.0.0.0","parameters":{"logicAppName":{"type":"String","metadata":{"description":"Name of the logic app."}},"logicAppLocation":{"defaultValue":"[resourceGroup().location]","allowedValues":["eastasia","southeastasia","centralus","eastus","eastus2","westus","northcentralus","southcentralus","northeurope","westeurope","japanwest","japaneast","brazilsouth","australiaeast","australiasoutheast","southindia","centralindia","westindia","canadacentral","canadaeast","westcentralus","westus2","[resourceGroup().location]"],"type":"String","metadata":{"description":"Location of the logic app."}},"sharepointonline_Connection_Name":{"defaultValue":"sharepointonline","type":"String","metadata":{"description":"Name of the connection."}},"webcontents_Connection_Name":{"defaultValue":"webcontents","type":"String","metadata":{"description":"Name of the connection."}},"office365groups_Connection_Name":{"defaultValue":"office365groups","type":"String","metadata":{"description":"Name of the connection."}},"office365_Connection_Name":{"defaultValue":"office365","type":"String","metadata":{"description":"Name of the connection."}},"approvals_Connection_Name":{"defaultValue":"approvals","type":"String","metadata":{"description":"Name of the connection."}}},"resources":[{"type":"Microsoft.Logic/workflows","name":"[parameters('logicAppName')]","apiVersion":"2016-06-01","location":"[parameters('logicAppLocation')]","properties":{"state":"Disabled","definition":{"$schema":"https://schema.management.azure.com/providers/Microsoft.Logic/schemas/2016-06-01/workflowdefinition.json#","contentVersion":"1.0.0.0","parameters":{"$connections":{"defaultValue":{},"type":"Object"},"$authentication":{"defaultValue":{},"type":"SecureObject"},"sharepoint.site":{"defaultValue":"","type":"String"},"sharepoint.list":{"defaultValue":"","type":"String"}},"triggers":{"When_a_new_item_is_created":{"recurrence":{"interval":1,"frequency":"Minute"},"splitOn":"@triggerBody()?.value","metadata":{"flowSystemMetadata":{"swaggerOperationId":"GetOnNewItems"}},"type":"ApiConnection","inputs":{"host":{"connection":{"name":"@parameters('$connections')['sharepointonline']['connectionId']"}},"method":"get","path":"/datasets/@{encodeURIComponent(encodeURIComponent('https://thenetworg.sharepoint.com/sites/test-jit'))}/tables/@{encodeURIComponent(encodeURIComponent('7e5de40f-a1ad-47f8-aad6-c7dd7fc48195'))}/onnewitems","authentication":"@parameters('$authentication')"},"conditions":[]}},"actions":{"Get_item":{"runAfter":{},"metadata":{"flowSystemMetadata":{"swaggerOperationId":"GetItem"}},"type":"ApiConnection","inputs":{"host":{"connection":{"name":"@parameters('$connections')['sharepointonline']['connectionId']"}},"method":"get","path":"/datasets/@{encodeURIComponent(encodeURIComponent('https://thenetworg.sharepoint.com/sites/test-jit'))}/tables/@{encodeURIComponent(encodeURIComponent('cb4ec6bb-8ec5-4db2-a685-eb4a7ca1abb3'))}/items/@{encodeURIComponent(triggerBody()?['Group']?['Id'])}","authentication":"@parameters('$authentication')"}},"Get_web_resource":{"runAfter":{"Get_item":["Succeeded"]},"metadata":{"flowSystemMetadata":{"swaggerOperationId":"GetFileContent"}},"type":"ApiConnection","inputs":{"host":{"connection":{"name":"@parameters('$connections')['webcontents']['connectionId']"}},"method":"get","path":"/GetFileContent","queries":{"path":"https://graph.microsoft.com/v1.0/groups/@{body('Get_item')['GroupId']}/owners"},"authentication":"@parameters('$authentication')"}},"Parse_JSON":{"runAfter":{"Initialize_variable_-_Approvers":["Succeeded"]},"type":"ParseJson","inputs":{"content":"@base64ToString(body('Get_web_resource')['$content'])","schema":{"type":"object","properties":{"@@odata.context":{"type":"string"},"value":{"type":"array","items":{"type":"object","properties":{"@@odata.type":{"type":"string"},"id":{"type":"string"},"businessPhones":{"type":"array"},"displayName":{"type":"string"},"givenName":{"type":"string"},"jobTitle":{"type":"string"},"mail":{"type":"string"},"mobilePhone":{"type":"string"},"officeLocation":{"type":"string"},"preferredLanguage":{"type":"string"},"surname":{"type":"string"},"userPrincipalName":{"type":"string"}},"required":["@@odata.type","id","businessPhones","displayName","givenName","jobTitle","mail","mobilePhone","officeLocation","preferredLanguage","surname","userPrincipalName"]}}}}}},"Apply_to_each":{"foreach":"@body('Parse_JSON')?['value']","actions":{"Append_to_string_variable":{"runAfter":{},"type":"AppendToStringVariable","inputs":{"name":"Approvers","value":"@{items('Apply_to_each')?['mail']};"}}},"runAfter":{"Parse_JSON":["Succeeded"]},"type":"Foreach"},"Initialize_variable_-_Approvers":{"runAfter":{"Get_web_resource":["Succeeded"]},"type":"InitializeVariable","inputs":{"variables":[{"name":"Approvers","type":"String"}]}},"Condition":{"actions":{"Condition_2":{"actions":{"Add_member_to_group_2":{"runAfter":{},"metadata":{"flowSystemMetadata":{"swaggerOperationId":"AddMemberToGroup"}},"type":"ApiConnection","inputs":{"host":{"connection":{"name":"@parameters('$connections')['office365groups']['connectionId']"}},"method":"post","path":"/v1.0/groups/@{encodeURIComponent(body('Get_item')['GroupId'])}/members/$ref","queries":{"userUpn":"@triggerBody()?['Author']?['Email']"},"authentication":"@parameters('$authentication')"}},"Delay_until":{"runAfter":{"E-mail_-_Automatically_Approve":["Succeeded"]},"type":"Wait","inputs":{"until":{"timestamp":"@triggerBody()?['Expires']"}}},"Remove_member_from_group_2":{"runAfter":{"Delay_until":["Succeeded"]},"metadata":{"flowSystemMetadata":{"swaggerOperationId":"RemoveMemberFromGroup"}},"type":"ApiConnection","inputs":{"host":{"connection":{"name":"@parameters('$connections')['office365groups']['connectionId']"}},"method":"delete","path":"/v1.0/groups/@{encodeURIComponent(body('Get_item')['GroupId'])}/members/memberId/$ref","queries":{"userUpn":"@triggerBody()?['Author']?['Email']"},"authentication":"@parameters('$authentication')"}},"Change_Status_-_Expired_-_2":{"runAfter":{"E-mail_-_Expired_-_1":["Succeeded"]},"metadata":{"flowSystemMetadata":{"swaggerOperationId":"PatchItem"}},"type":"ApiConnection","inputs":{"host":{"connection":{"name":"@parameters('$connections')['sharepointonline']['connectionId']"}},"method":"patch","body":{"Expires":"@triggerBody()?['Expires']","Business_x0020_Justification":"@triggerBody()?['Business_x0020_Justification']","Status":{"Value":"Expired"}},"path":"/datasets/@{encodeURIComponent(encodeURIComponent('https://thenetworg.sharepoint.com/sites/test-jit'))}/tables/@{encodeURIComponent(encodeURIComponent('7e5de40f-a1ad-47f8-aad6-c7dd7fc48195'))}/items/@{encodeURIComponent(triggerBody()?['ID'])}","authentication":"@parameters('$authentication')"}},"Change_Status_-_Automatically_Approved":{"runAfter":{"Add_member_to_group_2":["Succeeded"]},"metadata":{"flowSystemMetadata":{"swaggerOperationId":"PatchItem"}},"type":"ApiConnection","inputs":{"host":{"connection":{"name":"@parameters('$connections')['sharepointonline']['connectionId']"}},"method":"patch","body":{"Expires":"@triggerBody()?['Expires']","Business_x0020_Justification":"@triggerBody()?['Business_x0020_Justification']","Status":{"Value":"Automatically Approved"}},"path":"/datasets/@{encodeURIComponent(encodeURIComponent('https://thenetworg.sharepoint.com/sites/test-jit'))}/tables/@{encodeURIComponent(encodeURIComponent('7e5de40f-a1ad-47f8-aad6-c7dd7fc48195'))}/items/@{encodeURIComponent(triggerBody()?['ID'])}","authentication":"@parameters('$authentication')"}},"E-mail_-_Automatically_Approve":{"runAfter":{"Change_Status_-_Automatically_Approved":["Succeeded"]},"metadata":{"flowSystemMetadata":{"swaggerOperationId":"SendEmail"}},"type":"ApiConnection","inputs":{"host":{"connection":{"name":"@parameters('$connections')['office365']['connectionId']"}},"method":"post","body":{"To":"@{triggerBody()?['Author']?['Email']};","Subject":"Automatically Approved: JIT Request: @{body('Get_item')['Title']} (@{body('Get_item')?['Author']?['DisplayName']})","Body":"Your request for @{body('Get_item')['Title']} has been automatically approved.\n\nProject: @{body('Get_item')['Title']}\nExpiration: @{triggerBody()?['Expires']}\n\nJustification:\n@{triggerBody()?['Business_x0020_Justification']}"},"path":"/Mail","authentication":"@parameters('$authentication')"}},"E-mail_-_Expired_-_1":{"runAfter":{"Remove_member_from_group_2":["Succeeded"]},"metadata":{"flowSystemMetadata":{"swaggerOperationId":"SendEmail"}},"type":"ApiConnection","inputs":{"host":{"connection":{"name":"@parameters('$connections')['office365']['connectionId']"}},"method":"post","body":{"To":"@{triggerBody()?['Author']?['Email']};","Subject":"Expired: JIT Request: @{body('Get_item')['Title']} (@{body('Get_item')?['Author']?['DisplayName']})","Body":"Your request for @{body('Get_item')['Title']} has expired. You can request it again by visiting JIT portal.\n\nProject: @{body('Get_item')['Title']}\nExpiration: @{triggerBody()?['Expires']}\n\nJustification:\n@{triggerBody()?['Business_x0020_Justification']}"},"path":"/Mail","authentication":"@parameters('$authentication')"}}},"runAfter":{},"else":{"actions":{"Start_an_approval":{"runAfter":{},"metadata":{"flowSystemMetadata":{"swaggerOperationId":"approvalSubscribe"}},"type":"ApiConnectionWebhook","inputs":{"host":{"connection":{"name":"@parameters('$connections')['approvals']['connectionId']"}},"body":{"title":"JIT Request: @{body('Get_item')['Title']} (@{body('Get_item')?['Author']?['DisplayName']})","assignedTo":"@{variables('Approvers')};","details":"@{triggerBody()?['Author']?['DisplayName']} (@{triggerBody()?['Author']?['Email']}) at @{triggerBody()?['Created']}\nTitle: @{triggerBody()?['Title']}\nProject: @{body('Get_item')['Title']}\nExpiration: @{triggerBody()?['Expires']}\n\nJustification:\n@{triggerBody()?['Business_x0020_Justification']}","itemLink":"@triggerBody()?['{Link}']","itemLinkDescription":"JIT Request: @{triggerBody()?['Title']} (@{body('Get_item')?['Author']?['DisplayName']})","NotificationUrl":"@listCallbackUrl()"},"path":"/basic/$subscriptions","authentication":"@parameters('$authentication')"}},"Approval_Result":{"actions":{"Add_member_to_group":{"runAfter":{},"metadata":{"flowSystemMetadata":{"swaggerOperationId":"AddMemberToGroup"}},"type":"ApiConnection","inputs":{"host":{"connection":{"name":"@parameters('$connections')['office365groups']['connectionId']"}},"method":"post","path":"/v1.0/groups/@{encodeURIComponent(body('Get_item')['GroupId'])}/members/$ref","queries":{"userUpn":"@triggerBody()?['Author']?['Email']"},"authentication":"@parameters('$authentication')"}},"Wait_for_Expiration":{"runAfter":{"E-mail_-_Approve":["Succeeded"]},"type":"Wait","inputs":{"until":{"timestamp":"@triggerBody()?['Expires']"}}},"Remove_member_from_group":{"runAfter":{"Wait_for_Expiration":["Succeeded"]},"metadata":{"flowSystemMetadata":{"swaggerOperationId":"RemoveMemberFromGroup"}},"type":"ApiConnection","inputs":{"host":{"connection":{"name":"@parameters('$connections')['office365groups']['connectionId']"}},"method":"delete","path":"/v1.0/groups/@{encodeURIComponent(body('Get_item')['GroupId'])}/members/memberId/$ref","queries":{"userUpn":"@body('Get_item')?['Author']?['Email']"},"authentication":"@parameters('$authentication')"}},"Change_Status_-_Expired":{"runAfter":{"Send_an_email":["Succeeded"]},"metadata":{"flowSystemMetadata":{"swaggerOperationId":"PatchItem"}},"type":"ApiConnection","inputs":{"host":{"connection":{"name":"@parameters('$connections')['sharepointonline']['connectionId']"}},"method":"patch","body":{"Expires":"@triggerBody()?['Expires']","Business_x0020_Justification":"@triggerBody()?['Business_x0020_Justification']","Status":{"Value":"Expired"}},"path":"/datasets/@{encodeURIComponent(encodeURIComponent('https://thenetworg.sharepoint.com/sites/test-jit'))}/tables/@{encodeURIComponent(encodeURIComponent('7e5de40f-a1ad-47f8-aad6-c7dd7fc48195'))}/items/@{encodeURIComponent(triggerBody()?['ID'])}","authentication":"@parameters('$authentication')"}},"E-mail_-_Approve":{"runAfter":{"Change_Status_-_Approved":["Succeeded"]},"metadata":{"flowSystemMetadata":{"swaggerOperationId":"SendEmail"}},"type":"ApiConnection","inputs":{"host":{"connection":{"name":"@parameters('$connections')['office365']['connectionId']"}},"method":"post","body":{"To":"@triggerBody()?['Author']?['Email']","Subject":"Approved: JIT Request: @{body('Get_item')['Title']} (@{body('Get_item')?['Author']?['DisplayName']})","Body":"Your request for @{body('Get_item')['Title']} has been approved by @{body('Start_an_approval')?['responder']?['displayName']} (@{body('Start_an_approval')?['responder']?['userPrincipalName']})\n\nComments (if any):\n@{body('Start_an_approval')?['comments']}\n\nProject: @{body('Get_item')['Title']}\nExpiration: @{triggerBody()?['Expires']}\n\nJustification:\n@{triggerBody()?['Business_x0020_Justification']}"},"path":"/Mail","authentication":"@parameters('$authentication')"}},"Change_Status_-_Approved":{"runAfter":{"Add_member_to_group":["Succeeded"]},"metadata":{"flowSystemMetadata":{"swaggerOperationId":"PatchItem"}},"type":"ApiConnection","inputs":{"host":{"connection":{"name":"@parameters('$connections')['sharepointonline']['connectionId']"}},"method":"patch","body":{"Expires":"@triggerBody()?['Expires']","Business_x0020_Justification":"@triggerBody()?['Business_x0020_Justification']","Status":{"Value":"Approved"}},"path":"/datasets/@{encodeURIComponent(encodeURIComponent('https://thenetworg.sharepoint.com/sites/test-jit'))}/tables/@{encodeURIComponent(encodeURIComponent('7e5de40f-a1ad-47f8-aad6-c7dd7fc48195'))}/items/@{encodeURIComponent(triggerBody()?['ID'])}","authentication":"@parameters('$authentication')"}},"Send_an_email":{"runAfter":{"Remove_member_from_group":["Succeeded"]},"metadata":{"flowSystemMetadata":{"swaggerOperationId":"SendEmail"}},"type":"ApiConnection","inputs":{"host":{"connection":{"name":"@parameters('$connections')['office365']['connectionId']"}},"method":"post","body":{"To":"@{triggerBody()?['Author']?['Email']};","Subject":"Expired: JIT Request: @{body('Get_item')['Title']} (@{body('Get_item')?['Author']?['DisplayName']})","Body":"Your request for @{body('Get_item')['Title']} has expired. You can request it again by visiting JIT portal.\n\nProject: @{body('Get_item')['Title']}\nExpiration: @{triggerBody()?['Expires']}\n\nJustification:\n@{triggerBody()?['Business_x0020_Justification']}"},"path":"/Mail","authentication":"@parameters('$authentication')"}}},"runAfter":{"Start_an_approval":["Succeeded"]},"else":{"actions":{"Change_Status_-_Rejected":{"runAfter":{"E-mail_-_Reject_-_1":["Succeeded"]},"metadata":{"flowSystemMetadata":{"swaggerOperationId":"PatchItem"}},"type":"ApiConnection","inputs":{"host":{"connection":{"name":"@parameters('$connections')['sharepointonline']['connectionId']"}},"method":"patch","body":{"Expires":"@triggerBody()?['Expires']","Business_x0020_Justification":"@triggerBody()?['Business_x0020_Justification']","Status":{"Value":"Rejected"}},"path":"/datasets/@{encodeURIComponent(encodeURIComponent('https://thenetworg.sharepoint.com/sites/test-jit'))}/tables/@{encodeURIComponent(encodeURIComponent('7e5de40f-a1ad-47f8-aad6-c7dd7fc48195'))}/items/@{encodeURIComponent(triggerBody()?['ID'])}","authentication":"@parameters('$authentication')"}},"E-mail_-_Reject_-_1":{"runAfter":{},"metadata":{"flowSystemMetadata":{"swaggerOperationId":"SendEmail"}},"type":"ApiConnection","inputs":{"host":{"connection":{"name":"@parameters('$connections')['office365']['connectionId']"}},"method":"post","body":{"To":"@{triggerBody()?['Author']?['Email']}","Subject":"Rejected: JIT Request: @{body('Get_item')['Title']} (@{body('Get_item')?['Author']?['DisplayName']})","Body":"Your request for @{body('Get_item')['Title']} has been rejected by @{body('Start_an_approval')?['responder']?['displayName']} (@{body('Start_an_approval')?['responder']?['userPrincipalName']})\n\nComments (if any):\n@{body('Start_an_approval')?['comments']}\n\nProject: @{body('Get_item')['Title']}\nExpiration: @{triggerBody()?['Expires']}\n\nJustification:\n@{triggerBody()?['Business_x0020_Justification']}"},"path":"/Mail","authentication":"@parameters('$authentication')"}}}},"expression":"@equals(body('Start_an_approval')?['response'], 'Approve')","type":"If"}}},"expression":{"contains":["@variables('Approvers')","@body('Get_item')?['Author']?['Email']"]},"type":"If"}},"runAfter":{"Apply_to_each":["Succeeded"]},"else":{"actions":{"E-mail_-_Reject_-_2":{"runAfter":{},"metadata":{"flowSystemMetadata":{"swaggerOperationId":"SendEmail"}},"type":"ApiConnection","inputs":{"host":{"connection":{"name":"@parameters('$connections')['office365']['connectionId']"}},"method":"post","body":{"To":"@{triggerBody()?['Author']?['Email']};","Subject":"Automatically Rejected: JIT Request: @{body('Get_item')['Title']} (@{body('Get_item')?['Author']?['DisplayName']})","Body":"Your access request for @{body('Get_item')['Title']} has been automatically rejected because your expiration time exceeded the maximum allowed limit of: @{body('Get_item')['MaximumMembershipLength']} hours\n\nProject: @{body('Get_item')['Title']}\nExpiration: @{triggerBody()?['Expires']}\n\nJustification:\n@{triggerBody()?['Business_x0020_Justification']}"},"path":"/Mail","authentication":"@parameters('$authentication')"}},"Update_item":{"runAfter":{"E-mail_-_Reject_-_2":["Succeeded"]},"metadata":{"flowSystemMetadata":{"swaggerOperationId":"PatchItem"}},"type":"ApiConnection","inputs":{"host":{"connection":{"name":"@parameters('$connections')['sharepointonline']['connectionId']"}},"method":"patch","body":{"Expires":"@triggerBody()?['Expires']","Business_x0020_Justification":"@triggerBody()?['Business_x0020_Justification']","Status":{"Value":"Automatically Rejected"}},"path":"/datasets/@{encodeURIComponent(encodeURIComponent('https://thenetworg.sharepoint.com/sites/test-jit'))}/tables/@{encodeURIComponent(encodeURIComponent('7e5de40f-a1ad-47f8-aad6-c7dd7fc48195'))}/items/@{encodeURIComponent(triggerBody()?['ID'])}","authentication":"@parameters('$authentication')"}}}},"expression":{"greater":["@addMinutes(addHours(triggerBody()['Created'], int(body('Get_item')['MaximumMembershipLength'])), 5)","@triggerBody()['Expires']"]},"type":"If"}},"description":"Use this template for processing approvals on SharePoint list items. The approver can view their approval requests in the Approvals Center and over email. Once an item is approved or rejected, the item creator is sent a confirmation email."},"parameters":{"$connections":{"value":{"sharepointonline":{"id":"[concat('/subscriptions/', subscription().subscriptionId, '/providers/Microsoft.Web/locations/', parameters('logicAppLocation'), '/managedApis/', 'sharepointonline')]","connectionId":"[resourceId('Microsoft.Web/connections', parameters('sharepointonline_Connection_Name'))]","connectionName":"[parameters('sharepointonline_Connection_Name')]"},"webcontents":{"id":"[concat('/subscriptions/', subscription().subscriptionId, '/providers/Microsoft.Web/locations/', parameters('logicAppLocation'), '/managedApis/', 'webcontents')]","connectionId":"[resourceId('Microsoft.Web/connections', parameters('webcontents_Connection_Name'))]","connectionName":"[parameters('webcontents_Connection_Name')]"},"office365groups":{"id":"[concat('/subscriptions/', subscription().subscriptionId, '/providers/Microsoft.Web/locations/', parameters('logicAppLocation'), '/managedApis/', 'office365groups')]","connectionId":"[resourceId('Microsoft.Web/connections', parameters('office365groups_Connection_Name'))]","connectionName":"[parameters('office365groups_Connection_Name')]"},"office365":{"id":"[concat('/subscriptions/', subscription().subscriptionId, '/providers/Microsoft.Web/locations/', parameters('logicAppLocation'), '/managedApis/', 'office365')]","connectionId":"[resourceId('Microsoft.Web/connections', parameters('office365_Connection_Name'))]","connectionName":"[parameters('office365_Connection_Name')]"},"approvals":{"id":"[concat('/subscriptions/', subscription().subscriptionId, '/providers/Microsoft.Web/locations/', parameters('logicAppLocation'), '/managedApis/', 'approvals')]","connectionId":"[resourceId('Microsoft.Web/connections', parameters('approvals_Connection_Name'))]","connectionName":"[parameters('approvals_Connection_Name')]"}}}},"runtimeConfiguration":{"collections":{"maximumItemCount":100000},"performanceProfile":{"throttles":{"mode":"Medium"}}}},"dependsOn":["[resourceId('Microsoft.Web/connections', parameters('sharepointonline_Connection_Name'))]","[resourceId('Microsoft.Web/connections', parameters('webcontents_Connection_Name'))]","[resourceId('Microsoft.Web/connections', parameters('office365groups_Connection_Name'))]","[resourceId('Microsoft.Web/connections', parameters('office365_Connection_Name'))]","[resourceId('Microsoft.Web/connections', parameters('approvals_Connection_Name'))]"]},{"type":"Microsoft.Web/connections","name":"[parameters('sharepointonline_Connection_Name')]","apiVersion":"2016-06-01","location":"[parameters('logicAppLocation')]","properties":{"api":{"id":"[concat('/subscriptions/', subscription().subscriptionId, '/providers/Microsoft.Web/locations/', parameters('logicAppLocation'), '/managedApis/', 'sharepointonline')]"},"displayName":"[parameters('sharepointonline_Connection_Name')]"}},{"type":"Microsoft.Web/connections","name":"[parameters('webcontents_Connection_Name')]","apiVersion":"2016-06-01","location":"[parameters('logicAppLocation')]","properties":{"api":{"id":"[concat('/subscriptions/', subscription().subscriptionId, '/providers/Microsoft.Web/locations/', parameters('logicAppLocation'), '/managedApis/', 'webcontents')]"},"displayName":"[parameters('webcontents_Connection_Name')]"}},{"type":"Microsoft.Web/connections","name":"[parameters('office365groups_Connection_Name')]","apiVersion":"2016-06-01","location":"[parameters('logicAppLocation')]","properties":{"api":{"id":"[concat('/subscriptions/', subscription().subscriptionId, '/providers/Microsoft.Web/locations/', parameters('logicAppLocation'), '/managedApis/', 'office365groups')]"},"displayName":"[parameters('office365groups_Connection_Name')]"}},{"type":"Microsoft.Web/connections","name":"[parameters('office365_Connection_Name')]","apiVersion":"2016-06-01","location":"[parameters('logicAppLocation')]","properties":{"api":{"id":"[concat('/subscriptions/', subscription().subscriptionId, '/providers/Microsoft.Web/locations/', parameters('logicAppLocation'), '/managedApis/', 'office365')]"},"displayName":"[parameters('office365_Connection_Name')]"}},{"type":"Microsoft.Web/connections","name":"[parameters('approvals_Connection_Name')]","apiVersion":"2016-06-01","location":"[parameters('logicAppLocation')]","properties":{"api":{"id":"[concat('/subscriptions/', subscription().subscriptionId, '/providers/Microsoft.Web/locations/', parameters('logicAppLocation'), '/managedApis/', 'approvals')]"},"displayName":"[parameters('approvals_Connection_Name')]"}}]}